50001,1084,2026-09-24 19:27:58,386.70,paid,2026-09-24 19:28:58,1
50001,1084,2026-09-24 19:27:58,386.70,refunded,2026-09-24 20:57:58,2
50002,1177,2026-09-24 21:44:23,116.75,refunded,2026-09-24 21:46:23,3
50003,1008,2026-09-24 12:14:31,109.48,paid,2026-09-24 12:16:31,4
50004,1208,2026-09-24 10:51:13,172.75,refunded,2026-09-24 10:53:13,5
50005,1064,2026-09-24 11:19:50,125.53,refunded,2026-09-24 11:21:50,6
50006,1081,2026-09-24 08:09:35,160.71,paid,2026-09-24 08:11:35,7
50007,1246,2026-09-24 11:18:50,467.00,refunded,2026-09-24 11:20:50,8
50008,1046,2026-09-24 10:55:27,350.21,paid,2026-09-24 10:57:27,9
50009,1207,2026-09-24 12:52:25,54.91,paid,2026-09-24 12:54:25,10
50010,1013,2026-09-24 21:17:52,419.08,paid,2026-09-24 21:19:52,11
50011,1007,2026-09-24 10:30:40,400.41,paid,2026-09-24 10:32:40,12
50012,1170,2026-09-24 14:19:29,351.24,paid,2026-09-24 14:21:29,13
50013,1015,2026-09-24 15:14:46,14.42,paid,2026-09-24 15:16:46,14
50014,1088,2026-09-24 11:25:05,384.47,cancelled,2026-09-24 11:27:05,15
50015,1289,2026-09-24 16:14:42,363.76,paid,2026-09-24 16:16:42,16
50016,1214,2026-09-24 20:29:03,111.87,paid,2026-09-24 20:31:03,17
50017,1128,2026-09-24 21:01:49,488.50,cancelled,2026-09-24 21:03:49,18
50018,1011,2026-09-24 20:21:15,364.00,paid,2026-09-24 20:22:15,19
50018,1011,2026-09-24 20:21:15,364.00,refunded,2026-09-24 21:51:15,20
50019,1298,2026-09-24 21:36:14,228.63,refunded,2026-09-24 21:38:14,21
50020,1197,2026-09-24 12:50:24,347.15,pending,2026-09-24 12:51:24,22
50020,1197,2026-09-24 12:50:24,347.15,cancelled,2026-09-24 14:20:24,23
50021,1116,2026-09-24 09:00:05,366.68,refunded,2026-09-24 09:02:05,24
50022,1061,2026-09-24 17:30:08,130.89,cancelled,2026-09-24 17:32:08,25
50023,1175,2026-09-24 14:31:34,473.72,paid,2026-09-24 14:33:34,26
50024,1062,2026-09-24 10:00:35,107.80,refunded,2026-09-24 10:02:35,27
50025,1229,2026-09-24 20:10:22,326.47,paid,2026-09-24 20:12:22,28
50026,1264,2026-09-24 17:52:55,491.90,pending,2026-09-24 17:53:55,29
50026,1264,2026-09-24 17:52:55,491.90,paid,2026-09-24 19:22:55,30
50027,1297,2026-09-24 08:17:22,276.31,cancelled,2026-09-24 08:19:22,31
50028,1005,2026-09-24 17:39:54,343.37,paid,2026-09-24 17:41:54,32
50029,1174,2026-09-24 21:04:17,229.09,paid,2026-09-24 21:06:17,33
50030,1091,2026-09-24 19:14:49,17.57,paid,2026-09-24 19:16:49,34
50031,1038,2026-09-24 16:47:42,121.02,paid,2026-09-24 16:49:42,35
50032,1013,2026-09-24 20:19:14,491.63,refunded,2026-09-24 20:21:14,36
50033,1232,2026-09-24 15:47:35,123.69,paid,2026-09-24 15:49:35,37
50034,1015,2026-09-24 12:59:50,139.26,paid,2026-09-24 13:01:50,38
50035,1044,2026-09-24 19:57:08,407.56,pending,2026-09-24 19:58:08,39
50035,1044,2026-09-24 19:57:08,407.56,paid,2026-09-24 21:27:08,40
50036,1136,2026-09-24 10:05:37,274.30,pending,2026-09-24 10:06:37,41
50036,1136,2026-09-24 10:05:37,274.30,cancelled,2026-09-24 11:35:37,42
50037,1073,2026-09-24 21:01:27,95.68,paid,2026-09-24 21:03:27,43
50038,1240,2026-09-24 16:32:48,214.29,paid,2026-09-24 16:34:48,44
50039,1046,2026-09-24 14:26:02,256.82,paid,2026-09-24 14:28:02,45
50040,1061,2026-09-24 14:45:42,25.43,cancelled,2026-09-24 14:47:42,46
50041,1027,2026-09-24 17:13:18,416.53,pending,2026-09-24 17:14:18,47
50041,1027,2026-09-24 17:13:18,416.53,paid,2026-09-24 18:43:18,48
50042,1044,2026-09-24 20:29:02,127.21,paid,2026-09-24 20:31:02,49
50043,1132,2026-09-24 09:09:45,480.25,paid,2026-09-24 09:10:45,50
50043,1132,2026-09-24 09:09:45,480.25,refunded,2026-09-24 10:39:45,51
50044,1246,2026-09-24 16:30:26,128.83,refunded,2026-09-24 16:32:26,52
50045,1225,2026-09-24 17:48:53,76.13,pending,2026-09-24 17:49:53,53
50045,1225,2026-09-24 17:48:53,76.13,paid,2026-09-24 19:18:53,54
50046,1008,2026-09-24 17:31:18,125.96,pending,2026-09-24 17:32:18,55
50046,1008,2026-09-24 17:31:18,125.96,paid,2026-09-24 19:01:18,56
50047,1213,2026-09-24 18:19:56,293.13,paid,2026-09-24 18:21:56,57
50048,1038,2026-09-24 09:01:34,492.94,paid,2026-09-24 09:03:34,58
50049,1253,2026-09-24 10:31:39,478.19,cancelled,2026-09-24 10:33:39,59
50050,1275,2026-09-24 17:56:34,108.14,cancelled,2026-09-24 17:58:34,60
50051,1044,2026-09-24 14:35:59,494.99,cancelled,2026-09-24 14:37:59,61
50052,1095,2026-09-24 10:21:49,158.40,paid,2026-09-24 10:23:49,62
50053,1074,2026-09-24 19:50:17,499.30,pending,2026-09-24 19:51:17,63
50053,1074,2026-09-24 19:50:17,499.30,paid,2026-09-24 21:20:17,64
50054,1038,2026-09-24 18:24:33,322.95,paid,2026-09-24 18:26:33,65
50055,1073,2026-09-24 21:07:51,433.40,paid,2026-09-24 21:09:51,66
50056,1255,2026-09-24 16:00:01,150.01,paid,2026-09-24 16:02:01,67
50057,1055,2026-09-24 14:48:40,79.36,pending,2026-09-24 14:49:40,68
50057,1055,2026-09-24 14:48:40,79.36,paid,2026-09-24 16:18:40,69
50058,1021,2026-09-24 16:20:51,198.53,paid,2026-09-24 16:21:51,70
50058,1021,2026-09-24 16:20:51,198.53,refunded,2026-09-24 17:50:51,71
50059,1073,2026-09-24 19:53:10,146.32,paid,2026-09-24 19:55:10,72
50060,1274,2026-09-24 14:45:25,115.52,cancelled,2026-09-24 14:47:25,73
50061,1061,2026-09-24 17:00:55,408.60,paid,2026-09-24 17:02:55,74
50062,1111,2026-09-24 13:25:49,131.87,paid,2026-09-24 13:27:49,75
50063,1165,2026-09-24 19:27:13,93.64,paid,2026-09-24 19:29:13,76
50064,1171,2026-09-24 09:55:56,333.32,paid,2026-09-24 09:57:56,77
50065,1130,2026-09-24 19:30:37,495.81,pending,2026-09-24 19:31:37,78
50065,1130,2026-09-24 19:30:37,495.81,paid,2026-09-24 21:00:37,79
50066,1252,2026-09-24 17:36:59,290.20,refunded,2026-09-24 17:38:59,80
50067,1293,2026-09-24 17:17:29,286.90,cancelled,2026-09-24 17:19:29,81
50068,1140,2026-09-24 21:53:42,267.54,paid,2026-09-24 21:55:42,82
50069,1277,2026-09-24 09:51:21,364.74,paid,2026-09-24 09:53:21,83
50070,1190,2026-09-24 14:19:40,29.12,paid,2026-09-24 14:21:40,84
50071,1074,2026-09-24 13:44:32,92.69,paid,2026-09-24 13:46:32,85
50072,1010,2026-09-24 09:47:31,411.59,pending,2026-09-24 09:48:31,86
50072,1010,2026-09-24 09:47:31,411.59,paid,2026-09-24 11:17:31,87
50073,1046,2026-09-24 15:45:47,174.27,paid,2026-09-24 15:47:47,88
50074,1213,2026-09-24 13:54:31,331.09,paid,2026-09-24 13:56:31,89
50075,1261,2026-09-24 12:11:01,387.16,paid,2026-09-24 12:13:01,90
50076,1051,2026-09-24 15:30:55,200.44,paid,2026-09-24 15:32:55,91
50077,1205,2026-09-24 10:33:55,397.05,paid,2026-09-24 10:35:55,92
50078,1061,2026-09-24 17:07:52,496.09,cancelled,2026-09-24 17:09:52,93
50079,1003,2026-09-24 16:19:28,60.77,pending,2026-09-24 16:20:28,94
50079,1003,2026-09-24 16:19:28,60.77,paid,2026-09-24 17:49:28,95
50080,1064,2026-09-24 18:45:38,212.09,paid,2026-09-24 18:47:38,96
50081,1222,2026-09-24 09:12:46,285.84,paid,2026-09-24 09:14:46,97
50082,1046,2026-09-24 08:20:16,11.36,pending,2026-09-24 08:21:16,98
50082,1046,2026-09-24 08:20:16,11.36,paid,2026-09-24 09:50:16,99
50083,1213,2026-09-24 09:06:11,468.59,paid,2026-09-24 09:08:11,100
50084,1066,2026-09-24 17:27:40,228.27,paid,2026-09-24 17:29:40,101
50085,1116,2026-09-24 14:30:37,237.17,refunded,2026-09-24 14:32:37,102
50086,1210,2026-09-24 12:26:24,417.82,pending,2026-09-24 12:27:24,103
50086,1210,2026-09-24 12:26:24,417.82,paid,2026-09-24 13:56:24,104
50087,1073,2026-09-24 12:02:12,474.92,pending,2026-09-24 12:03:12,105
50087,1073,2026-09-24 12:02:12,474.92,paid,2026-09-24 13:32:12,106
50088,1235,2026-09-24 20:46:04,489.83,paid,2026-09-24 20:48:04,107
50089,1114,2026-09-24 09:18:17,309.12,refunded,2026-09-24 09:20:17,108
50090,1136,2026-09-24 19:59:20,483.63,paid,2026-09-24 20:01:20,109
50091,1213,2026-09-24 18:26:49,360.30,paid,2026-09-24 18:28:49,110
50092,1225,2026-09-24 14:52:14,284.40,paid,2026-09-24 14:54:14,111
50093,1213,2026-09-24 10:38:33,34.94,cancelled,2026-09-24 10:40:33,112
50094,1063,2026-09-24 09:00:57,262.26,paid,2026-09-24 09:02:57,113
50095,1264,2026-09-24 13:09:57,318.68,paid,2026-09-24 13:11:57,114
50096,1005,2026-09-24 15:19:09,427.42,paid,2026-09-24 15:21:09,115
50097,1027,2026-09-24 12:24:46,32.73,pending,2026-09-24 12:25:46,116
50097,1027,2026-09-24 12:24:46,32.73,cancelled,2026-09-24 13:54:46,117
50098,1264,2026-09-24 09:10:23,128.49,cancelled,2026-09-24 09:12:23,118
50099,1295,2026-09-24 21:32:14,389.13,refunded,2026-09-24 21:34:14,119
50100,1212,2026-09-24 20:23:23,102.91,pending,2026-09-24 20:24:23,120
50100,1212,2026-09-24 20:23:23,102.91,paid,2026-09-24 21:53:23,121
50101,1148,2026-09-24 11:05:27,430.92,cancelled,2026-09-24 11:07:27,122
50102,0,2026-09-24 10:47:51,19.90,paid,2026-09-24 10:48:51,123
50103,1194,2026-09-24 10:47:51,0.00,paid,2026-09-24 10:48:51,124
50104,1153,2026-09-24 10:47:51,23.40,unknown,2026-09-24 10:48:51,125
50105,1195,2026-09-25 11:43:04,130.82,paid,2026-09-25 11:45:04,126
50106,1185,2026-09-25 13:35:42,131.00,pending,2026-09-25 13:36:42,127
50106,1185,2026-09-25 13:35:42,131.00,paid,2026-09-25 15:05:42,128
50107,1187,2026-09-25 08:48:49,202.77,paid,2026-09-25 08:50:49,129
50108,1058,2026-09-25 12:17:14,348.31,paid,2026-09-25 12:19:14,130
50109,1018,2026-09-25 20:05:43,277.29,paid,2026-09-25 20:07:43,131
50110,1108,2026-09-25 09:12:51,246.94,pending,2026-09-25 09:13:51,132
50110,1108,2026-09-25 09:12:51,246.94,paid,2026-09-25 10:42:51,133
50111,1033,2026-09-25 14:06:04,272.10,cancelled,2026-09-25 14:08:04,134
50112,1116,2026-09-25 16:42:27,19.25,paid,2026-09-25 16:44:27,135
50113,1268,2026-09-25 11:02:46,157.24,pending,2026-09-25 11:03:46,136
50113,1268,2026-09-25 11:02:46,157.24,paid,2026-09-25 12:32:46,137
50114,1263,2026-09-25 18:59:58,443.24,paid,2026-09-25 19:01:58,138
50115,1293,2026-09-25 11:32:00,39.56,pending,2026-09-25 11:33:00,139
50115,1293,2026-09-25 11:32:00,39.56,paid,2026-09-25 13:02:00,140
50116,1031,2026-09-25 14:56:23,440.31,refunded,2026-09-25 14:58:23,141
50117,1185,2026-09-25 08:53:50,91.52,pending,2026-09-25 08:54:50,142
50117,1185,2026-09-25 08:53:50,91.52,paid,2026-09-25 10:23:50,143
50118,1292,2026-09-25 09:07:45,260.30,cancelled,2026-09-25 09:09:45,144
50119,1148,2026-09-25 12:05:38,463.58,paid,2026-09-25 12:07:38,145
50120,1123,2026-09-25 18:00:59,146.89,cancelled,2026-09-25 18:02:59,146
50121,1189,2026-09-25 13:32:29,442.55,paid,2026-09-25 13:34:29,147
50122,1134,2026-09-25 16:35:18,89.73,paid,2026-09-25 16:37:18,148
50123,1086,2026-09-25 15:00:07,367.86,cancelled,2026-09-25 15:02:07,149
50124,1178,2026-09-25 20:37:44,155.11,paid,2026-09-25 20:39:44,150
50125,1300,2026-09-25 15:51:36,106.59,pending,2026-09-25 15:52:36,151
50125,1300,2026-09-25 15:51:36,106.59,cancelled,2026-09-25 17:21:36,152
50126,1187,2026-09-25 16:51:43,339.75,pending,2026-09-25 16:52:43,153
50126,1187,2026-09-25 16:51:43,339.75,paid,2026-09-25 18:21:43,154
50127,1264,2026-09-25 19:23:20,490.18,cancelled,2026-09-25 19:25:20,155
50128,1187,2026-09-25 13:24:00,296.88,paid,2026-09-25 13:26:00,156
50129,1188,2026-09-25 21:53:39,410.29,paid,2026-09-25 21:55:39,157
50130,1043,2026-09-25 20:12:49,395.14,paid,2026-09-25 20:14:49,158
50131,1097,2026-09-25 15:34:49,103.62,paid,2026-09-25 15:36:49,159
50132,1139,2026-09-25 18:21:08,307.75,paid,2026-09-25 18:23:08,160
50133,1036,2026-09-25 14:54:19,326.62,paid,2026-09-25 14:56:19,161
50134,1215,2026-09-25 11:48:38,184.79,refunded,2026-09-25 11:50:38,162
50135,1086,2026-09-25 17:00:57,321.44,cancelled,2026-09-25 17:02:57,163
50136,1227,2026-09-25 14:38:31,52.57,refunded,2026-09-25 14:40:31,164
50137,1123,2026-09-25 15:18:54,359.94,refunded,2026-09-25 15:20:54,165
50138,1012,2026-09-25 18:34:46,288.56,pending,2026-09-25 18:35:46,166
50138,1012,2026-09-25 18:34:46,288.56,paid,2026-09-25 20:04:46,167
50139,1031,2026-09-25 09:40:31,497.85,paid,2026-09-25 09:42:31,168
50140,1065,2026-09-25 16:48:48,427.49,cancelled,2026-09-25 16:50:48,169
50141,1067,2026-09-25 09:49:40,25.93,cancelled,2026-09-25 09:51:40,170
50142,1293,2026-09-25 21:20:12,169.49,paid,2026-09-25 21:22:12,171
50143,1097,2026-09-25 15:40:19,221.00,cancelled,2026-09-25 15:42:19,172
50144,1147,2026-09-25 15:08:26,84.90,refunded,2026-09-25 15:10:26,173
50145,1236,2026-09-25 10:19:18,491.71,paid,2026-09-25 10:21:18,174
50146,1017,2026-09-25 19:18:46,492.95,paid,2026-09-25 19:20:46,175
50147,1156,2026-09-25 18:08:31,309.00,paid,2026-09-25 18:10:31,176
50148,1200,2026-09-25 18:01:46,113.32,cancelled,2026-09-25 18:03:46,177
50149,1148,2026-09-25 15:40:29,80.71,paid,2026-09-25 15:42:29,178
50150,1229,2026-09-25 16:09:38,73.15,cancelled,2026-09-25 16:11:38,179
50151,1275,2026-09-25 15:15:56,202.46,cancelled,2026-09-25 15:17:56,180
50152,1156,2026-09-25 09:48:44,27.92,refunded,2026-09-25 09:50:44,181
50153,1080,2026-09-25 18:30:47,70.64,paid,2026-09-25 18:32:47,182
50154,1292,2026-09-25 20:53:31,186.72,refunded,2026-09-25 20:55:31,183
50155,1037,2026-09-25 18:53:15,492.69,pending,2026-09-25 18:54:15,184
50155,1037,2026-09-25 18:53:15,492.69,paid,2026-09-25 20:23:15,185
50156,1086,2026-09-25 09:01:12,157.71,paid,2026-09-25 09:03:12,186
50157,1299,2026-09-25 09:01:57,42.26,pending,2026-09-25 09:02:57,187
50157,1299,2026-09-25 09:01:57,42.26,paid,2026-09-25 10:31:57,188
50158,1159,2026-09-25 15:10:41,432.99,paid,2026-09-25 15:12:41,189
50159,1108,2026-09-25 19:02:53,97.91,cancelled,2026-09-25 19:04:53,190
50160,1121,2026-09-25 08:32:37,219.86,paid,2026-09-25 08:34:37,191
50161,1198,2026-09-25 14:06:27,183.59,paid,2026-09-25 14:08:27,192
50162,1043,2026-09-25 19:21:06,338.22,paid,2026-09-25 19:23:06,193
50163,1104,2026-09-25 16:43:54,419.37,pending,2026-09-25 16:44:54,194
50163,1104,2026-09-25 16:43:54,419.37,cancelled,2026-09-25 18:13:54,195
50164,1134,2026-09-25 12:50:40,223.06,pending,2026-09-25 12:51:40,196
50164,1134,2026-09-25 12:50:40,223.06,paid,2026-09-25 14:20:40,197
50165,1299,2026-09-25 12:39:37,310.34,paid,2026-09-25 12:41:37,198
50166,1093,2026-09-25 14:14:27,308.13,paid,2026-09-25 14:16:27,199
50167,1170,2026-09-25 11:21:48,93.34,paid,2026-09-25 11:22:48,200
50167,1170,2026-09-25 11:21:48,93.34,refunded,2026-09-25 12:51:48,201
50168,1236,2026-09-25 16:26:58,68.20,paid,2026-09-25 16:28:58,202
50169,1300,2026-09-25 20:06:24,78.30,paid,2026-09-25 20:07:24,203
50169,1300,2026-09-25 20:06:24,78.30,refunded,2026-09-25 21:36:24,204
50170,1058,2026-09-25 10:40:26,387.83,refunded,2026-09-25 10:42:26,205
50171,1084,2026-09-25 16:21:08,362.26,paid,2026-09-25 16:23:08,206
50172,1252,2026-09-25 21:41:54,314.06,pending,2026-09-25 21:42:54,207
50172,1252,2026-09-25 21:41:54,314.06,paid,2026-09-25 23:11:54,208
50173,1176,2026-09-25 10:08:54,374.17,paid,2026-09-25 10:10:54,209
50174,1134,2026-09-25 21:03:35,376.71,paid,2026-09-25 21:05:35,210
50175,1268,2026-09-25 17:11:20,202.53,paid,2026-09-25 17:13:20,211
50176,1245,2026-09-25 17:19:14,214.16,paid,2026-09-25 17:21:14,212
50177,1268,2026-09-25 13:43:11,163.44,paid,2026-09-25 13:45:11,213
50178,1033,2026-09-25 12:56:23,184.08,pending,2026-09-25 12:57:23,214
50178,1033,2026-09-25 12:56:23,184.08,cancelled,2026-09-25 14:26:23,215
50179,1252,2026-09-25 20:08:06,215.08,pending,2026-09-25 20:09:06,216
50179,1252,2026-09-25 20:08:06,215.08,cancelled,2026-09-25 21:38:06,217
50180,1101,2026-09-25 08:43:56,80.47,refunded,2026-09-25 08:45:56,218
50181,1033,2026-09-25 14:54:55,386.34,paid,2026-09-25 14:56:55,219
50182,1136,2026-09-25 17:19:10,237.98,refunded,2026-09-25 17:21:10,220
50183,1095,2026-09-25 21:27:36,393.23,cancelled,2026-09-25 21:29:36,221
50184,1241,2026-09-25 17:44:14,176.50,pending,2026-09-25 17:45:14,222
50184,1241,2026-09-25 17:44:14,176.50,paid,2026-09-25 19:14:14,223
50185,1144,2026-09-25 20:22:38,353.02,paid,2026-09-25 20:24:38,224
50186,1252,2026-09-25 15:44:33,167.83,pending,2026-09-25 15:45:33,225
50186,1252,2026-09-25 15:44:33,167.83,paid,2026-09-25 17:14:33,226
50187,1131,2026-09-25 18:17:17,457.79,paid,2026-09-25 18:19:17,227
50188,1046,2026-09-25 11:00:18,336.12,cancelled,2026-09-25 11:02:18,228
50189,1230,2026-09-25 19:03:08,312.64,pending,2026-09-25 19:04:08,229
50189,1230,2026-09-25 19:03:08,312.64,cancelled,2026-09-25 20:33:08,230
50190,1241,2026-09-25 14:06:11,55.48,pending,2026-09-25 14:07:11,231
50190,1241,2026-09-25 14:06:11,55.48,paid,2026-09-25 15:36:11,232
50191,1286,2026-09-25 11:13:39,31.24,paid,2026-09-25 11:15:39,233
50192,1286,2026-09-25 18:42:50,332.79,paid,2026-09-25 18:44:50,234
50193,1093,2026-09-25 09:43:49,342.92,cancelled,2026-09-25 09:45:49,235
50194,1195,2026-09-25 16:16:27,49.54,refunded,2026-09-25 16:18:27,236
50195,1249,2026-09-25 17:04:33,97.32,paid,2026-09-25 17:06:33,237
50196,1153,2026-09-25 18:43:38,106.21,paid,2026-09-25 18:45:38,238
50197,1113,2026-09-25 13:05:12,183.57,pending,2026-09-25 13:06:12,239
50197,1113,2026-09-25 13:05:12,183.57,paid,2026-09-25 14:35:12,240
50198,1153,2026-09-25 09:21:35,471.64,pending,2026-09-25 09:22:35,241
50198,1153,2026-09-25 09:21:35,471.64,paid,2026-09-25 10:51:35,242
50199,1230,2026-09-25 08:45:52,179.55,paid,2026-09-25 08:47:52,243
50200,1033,2026-09-25 08:50:02,308.38,pending,2026-09-25 08:51:02,244
50200,1033,2026-09-25 08:50:02,308.38,paid,2026-09-25 10:20:02,245
50201,1087,2026-09-25 11:46:16,491.52,paid,2026-09-25 11:47:16,246
50201,1087,2026-09-25 11:46:16,491.52,refunded,2026-09-25 13:16:16,247
50202,1184,2026-09-25 19:19:54,304.00,paid,2026-09-25 19:21:54,248
50203,1086,2026-09-25 21:44:47,432.85,pending,2026-09-25 21:45:47,249
50203,1086,2026-09-25 21:44:47,432.85,cancelled,2026-09-25 23:14:47,250
50204,1137,2026-09-25 18:56:47,457.04,paid,2026-09-25 18:58:47,251
50205,1089,2026-09-25 08:11:09,145.58,pending,2026-09-25 08:12:09,252
50205,1089,2026-09-25 08:11:09,145.58,cancelled,2026-09-25 09:41:09,253
50206,1110,2026-09-25 13:39:23,415.88,paid,2026-09-25 13:41:23,254
50207,1087,2026-09-25 21:59:44,444.16,paid,2026-09-25 22:01:44,255
50208,1159,2026-09-25 09:52:54,240.83,paid,2026-09-25 09:54:54,256
50209,1086,2026-09-25 08:36:47,192.78,refunded,2026-09-25 08:38:47,257
50210,1234,2026-09-25 09:47:41,256.10,cancelled,2026-09-25 09:49:41,258
50211,1035,2026-09-25 10:26:22,288.36,pending,2026-09-25 10:27:22,259
50211,1035,2026-09-25 10:26:22,288.36,paid,2026-09-25 11:56:22,260
50212,1089,2026-09-25 21:51:42,373.45,refunded,2026-09-25 21:53:42,261
50213,1195,2026-09-25 17:16:37,138.18,pending,2026-09-25 17:17:37,262
50213,1195,2026-09-25 17:16:37,138.18,paid,2026-09-25 18:46:37,263
50214,1139,2026-09-25 21:34:51,171.33,cancelled,2026-09-25 21:36:51,264
50215,1033,2026-09-25 13:52:57,141.40,refunded,2026-09-25 13:54:57,265
50216,1046,2026-09-25 13:13:04,200.50,paid,2026-09-25 13:14:04,266
50216,1046,2026-09-25 13:13:04,200.50,refunded,2026-09-25 14:43:04,267
50217,1222,2026-09-25 15:52:37,475.69,paid,2026-09-25 15:54:37,268
50218,1120,2026-09-25 12:59:22,95.85,paid,2026-09-25 13:01:22,269
50219,1121,2026-09-25 11:49:22,211.81,cancelled,2026-09-25 11:51:22,270
50220,1043,2026-09-25 19:38:08,307.66,paid,2026-09-25 19:40:08,271
50221,1240,2026-09-25 17:50:43,272.69,paid,2026-09-25 17:52:43,272
50222,1180,2026-09-25 10:48:16,157.35,cancelled,2026-09-25 10:50:16,273
50223,0,2026-09-25 10:34:20,19.90,paid,2026-09-25 10:35:20,274
50224,1047,2026-09-25 10:34:20,0.00,paid,2026-09-25 10:35:20,275
50225,1231,2026-09-25 10:34:20,23.40,unknown,2026-09-25 10:35:20,276
50226,1043,2026-09-26 08:55:24,268.87,paid,2026-09-26 08:57:24,277
50227,1098,2026-09-26 21:29:45,274.49,paid,2026-09-26 21:31:45,278
50228,1144,2026-09-26 18:00:10,152.21,pending,2026-09-26 18:01:10,279
50228,1144,2026-09-26 18:00:10,152.21,cancelled,2026-09-26 19:30:10,280
50229,1182,2026-09-26 21:33:09,63.88,paid,2026-09-26 21:34:09,281
50229,1182,2026-09-26 21:33:09,63.88,refunded,2026-09-26 23:03:09,282
50230,1293,2026-09-26 15:56:27,499.62,cancelled,2026-09-26 15:58:27,283
50231,1143,2026-09-26 09:51:05,121.65,paid,2026-09-26 09:53:05,284
50232,1022,2026-09-26 11:51:44,23.44,paid,2026-09-26 11:53:44,285
50233,1117,2026-09-26 12:09:22,93.97,refunded,2026-09-26 12:11:22,286
50234,1022,2026-09-26 17:18:13,99.84,pending,2026-09-26 17:19:13,287
50234,1022,2026-09-26 17:18:13,99.84,paid,2026-09-26 18:48:13,288
50235,1186,2026-09-26 15:34:28,385.29,paid,2026-09-26 15:36:28,289
50236,1160,2026-09-26 15:08:27,334.52,paid,2026-09-26 15:10:27,290
50237,1126,2026-09-26 19:28:37,489.30,pending,2026-09-26 19:29:37,291
50237,1126,2026-09-26 19:28:37,489.30,cancelled,2026-09-26 20:58:37,292
50238,1295,2026-09-26 19:40:21,234.54,pending,2026-09-26 19:41:21,293
50238,1295,2026-09-26 19:40:21,234.54,paid,2026-09-26 21:10:21,294
50239,1204,2026-09-26 15:15:52,221.35,pending,2026-09-26 15:16:52,295
50239,1204,2026-09-26 15:15:52,221.35,paid,2026-09-26 16:45:52,296
50240,1149,2026-09-26 18:20:14,467.04,paid,2026-09-26 18:22:14,297
50241,1159,2026-09-26 14:01:55,127.09,cancelled,2026-09-26 14:03:55,298
50242,1237,2026-09-26 09:08:51,442.04,paid,2026-09-26 09:10:51,299
50243,1122,2026-09-26 08:10:14,463.22,refunded,2026-09-26 08:12:14,300
50244,1182,2026-09-26 09:32:25,433.07,paid,2026-09-26 09:34:25,301
50245,1298,2026-09-26 08:05:58,353.20,paid,2026-09-26 08:07:58,302
50246,1178,2026-09-26 08:13:26,290.05,paid,2026-09-26 08:15:26,303
50247,1298,2026-09-26 10:14:24,279.00,refunded,2026-09-26 10:16:24,304
50248,1170,2026-09-26 10:59:31,336.30,pending,2026-09-26 11:00:31,305
50248,1170,2026-09-26 10:59:31,336.30,paid,2026-09-26 12:29:31,306
50249,1281,2026-09-26 19:11:34,66.19,cancelled,2026-09-26 19:13:34,307
50250,1104,2026-09-26 21:54:47,400.01,cancelled,2026-09-26 21:56:47,308
50251,1094,2026-09-26 19:50:09,274.55,paid,2026-09-26 19:52:09,309
50252,1035,2026-09-26 09:26:04,438.21,paid,2026-09-26 09:28:04,310
50253,1163,2026-09-26 21:44:12,235.71,paid,2026-09-26 21:46:12,311
50254,1205,2026-09-26 21:53:51,423.68,paid,2026-09-26 21:55:51,312
50255,1152,2026-09-26 16:19:58,399.54,paid,2026-09-26 16:21:58,313
50256,1034,2026-09-26 12:43:04,265.10,pending,2026-09-26 12:44:04,314
50256,1034,2026-09-26 12:43:04,265.10,paid,2026-09-26 14:13:04,315
50257,1112,2026-09-26 10:14:33,240.85,pending,2026-09-26 10:15:33,316
50257,1112,2026-09-26 10:14:33,240.85,paid,2026-09-26 11:44:33,317
50258,1102,2026-09-26 17:38:20,461.63,paid,2026-09-26 17:40:20,318
50259,1112,2026-09-26 16:34:27,400.67,paid,2026-09-26 16:36:27,319
50260,1029,2026-09-26 21:37:20,12.41,paid,2026-09-26 21:39:20,320
50261,1022,2026-09-26 12:27:03,298.42,cancelled,2026-09-26 12:29:03,321
50262,1005,2026-09-26 18:22:30,142.64,paid,2026-09-26 18:24:30,322
50263,1171,2026-09-26 12:10:55,299.08,cancelled,2026-09-26 12:12:55,323
50264,1281,2026-09-26 20:15:16,387.37,refunded,2026-09-26 20:17:16,324
50265,1118,2026-09-26 16:26:11,383.57,pending,2026-09-26 16:27:11,325
50265,1118,2026-09-26 16:26:11,383.57,paid,2026-09-26 17:56:11,326
50266,1163,2026-09-26 11:20:01,340.66,paid,2026-09-26 11:22:01,327
50267,1112,2026-09-26 08:52:49,128.68,paid,2026-09-26 08:54:49,328
50268,1054,2026-09-26 09:18:26,37.28,pending,2026-09-26 09:19:26,329
50268,1054,2026-09-26 09:18:26,37.28,paid,2026-09-26 10:48:26,330
50269,1125,2026-09-26 13:07:46,242.58,paid,2026-09-26 13:09:46,331
50270,1225,2026-09-26 08:33:46,142.46,paid,2026-09-26 08:35:46,332
50271,1177,2026-09-26 18:52:25,112.08,paid,2026-09-26 18:54:25,333
50272,1038,2026-09-26 17:20:15,92.32,paid,2026-09-26 17:22:15,334
50273,1236,2026-09-26 18:26:19,212.94,cancelled,2026-09-26 18:28:19,335
50274,1009,2026-09-26 17:44:16,68.80,cancelled,2026-09-26 17:46:16,336
50275,1293,2026-09-26 20:29:10,178.38,paid,2026-09-26 20:31:10,337
50276,1203,2026-09-26 11:08:25,427.37,paid,2026-09-26 11:10:25,338
50277,1009,2026-09-26 16:08:10,197.73,pending,2026-09-26 16:09:10,339
50277,1009,2026-09-26 16:08:10,197.73,paid,2026-09-26 17:38:10,340
50278,1151,2026-09-26 19:53:15,343.60,pending,2026-09-26 19:54:15,341
50278,1151,2026-09-26 19:53:15,343.60,paid,2026-09-26 21:23:15,342
50279,1205,2026-09-26 10:30:17,72.32,refunded,2026-09-26 10:32:17,343
50280,1166,2026-09-26 10:58:01,178.19,pending,2026-09-26 10:59:01,344
50280,1166,2026-09-26 10:58:01,178.19,cancelled,2026-09-26 12:28:01,345
50281,1164,2026-09-26 12:08:03,488.01,cancelled,2026-09-26 12:10:03,346
50282,1140,2026-09-26 17:41:51,453.20,paid,2026-09-26 17:43:51,347
50283,1282,2026-09-26 21:15:13,491.06,paid,2026-09-26 21:17:13,348
50284,1063,2026-09-26 10:55:06,165.84,paid,2026-09-26 10:57:06,349
50285,1146,2026-09-26 20:35:56,194.10,paid,2026-09-26 20:37:56,350
50286,1144,2026-09-26 15:18:44,498.79,cancelled,2026-09-26 15:20:44,351
50287,1032,2026-09-26 10:05:26,382.17,refunded,2026-09-26 10:07:26,352
50288,1243,2026-09-26 20:26:04,443.44,paid,2026-09-26 20:28:04,353
50289,1226,2026-09-26 17:49:58,157.06,paid,2026-09-26 17:51:58,354
50290,1146,2026-09-26 19:18:07,193.76,paid,2026-09-26 19:19:07,355
50290,1146,2026-09-26 19:18:07,193.76,refunded,2026-09-26 20:48:07,356
50291,1125,2026-09-26 20:52:31,165.23,paid,2026-09-26 20:54:31,357
50292,1114,2026-09-26 14:31:19,86.23,paid,2026-09-26 14:33:19,358
50293,1293,2026-09-26 21:48:37,421.44,refunded,2026-09-26 21:50:37,359
50294,1241,2026-09-26 11:55:03,50.31,paid,2026-09-26 11:57:03,360
50295,1197,2026-09-26 13:12:28,215.76,cancelled,2026-09-26 13:14:28,361
50296,1247,2026-09-26 11:41:08,178.52,paid,2026-09-26 11:43:08,362
50297,1254,2026-09-26 20:10:42,401.27,paid,2026-09-26 20:12:42,363
50298,1179,2026-09-26 15:14:29,255.42,paid,2026-09-26 15:16:29,364
50299,1181,2026-09-26 10:42:40,98.00,pending,2026-09-26 10:43:40,365
50299,1181,2026-09-26 10:42:40,98.00,paid,2026-09-26 12:12:40,366
50300,1144,2026-09-26 14:11:22,390.31,pending,2026-09-26 14:12:22,367
50300,1144,2026-09-26 14:11:22,390.31,cancelled,2026-09-26 15:41:22,368
50301,1285,2026-09-26 12:21:27,193.90,pending,2026-09-26 12:22:27,369
50301,1285,2026-09-26 12:21:27,193.90,paid,2026-09-26 13:51:27,370
50302,1129,2026-09-26 18:24:40,280.39,paid,2026-09-26 18:26:40,371
50303,1031,2026-09-26 16:30:03,307.31,paid,2026-09-26 16:32:03,372
50304,1232,2026-09-26 20:50:57,457.77,paid,2026-09-26 20:52:57,373
50305,1241,2026-09-26 19:16:52,420.52,cancelled,2026-09-26 19:18:52,374
50306,1294,2026-09-26 20:31:29,423.60,paid,2026-09-26 20:33:29,375
50307,1125,2026-09-26 09:30:10,275.94,paid,2026-09-26 09:32:10,376
50308,1103,2026-09-26 13:09:22,144.74,paid,2026-09-26 13:11:22,377
50309,1186,2026-09-26 19:26:31,124.57,pending,2026-09-26 19:27:31,378
50309,1186,2026-09-26 19:26:31,124.57,cancelled,2026-09-26 20:56:31,379
50310,1249,2026-09-26 21:21:35,338.10,paid,2026-09-26 21:23:35,380
50311,1192,2026-09-26 14:32:58,211.17,pending,2026-09-26 14:33:58,381
50311,1192,2026-09-26 14:32:58,211.17,paid,2026-09-26 16:02:58,382
50312,1133,2026-09-26 09:53:22,421.01,paid,2026-09-26 09:55:22,383
50313,1294,2026-09-26 11:42:42,221.15,refunded,2026-09-26 11:44:42,384
50314,1218,2026-09-26 21:45:17,127.21,refunded,2026-09-26 21:47:17,385
50315,1213,2026-09-26 15:54:30,225.73,pending,2026-09-26 15:55:30,386
50315,1213,2026-09-26 15:54:30,225.73,cancelled,2026-09-26 17:24:30,387
50316,1015,2026-09-26 21:22:13,483.49,cancelled,2026-09-26 21:24:13,388
50317,1226,2026-09-26 08:57:04,362.21,refunded,2026-09-26 08:59:04,389
50318,1167,2026-09-26 18:52:32,275.69,pending,2026-09-26 18:53:32,390
50318,1167,2026-09-26 18:52:32,275.69,paid,2026-09-26 20:22:32,391
50319,1274,2026-09-26 14:48:34,64.55,paid,2026-09-26 14:50:34,392
50320,1050,2026-09-26 19:30:50,30.97,pending,2026-09-26 19:31:50,393
50320,1050,2026-09-26 19:30:50,30.97,paid,2026-09-26 21:00:50,394
50321,1029,2026-09-26 12:17:02,295.22,refunded,2026-09-26 12:19:02,395
50322,1293,2026-09-26 19:36:32,27.04,pending,2026-09-26 19:37:32,396
50322,1293,2026-09-26 19:36:32,27.04,paid,2026-09-26 21:06:32,397
50323,1275,2026-09-26 12:40:05,316.66,paid,2026-09-26 12:42:05,398
50324,1109,2026-09-26 17:42:40,406.48,paid,2026-09-26 17:44:40,399
50325,1261,2026-09-26 09:30:02,234.15,paid,2026-09-26 09:32:02,400
50326,1254,2026-09-26 20:32:27,107.63,paid,2026-09-26 20:34:27,401
50327,1172,2026-09-26 16:16:48,191.65,paid,2026-09-26 16:18:48,402
50328,1095,2026-09-26 21:38:25,73.24,paid,2026-09-26 21:40:25,403
50329,1146,2026-09-26 08:29:08,298.22,paid,2026-09-26 08:30:08,404
50329,1146,2026-09-26 08:29:08,298.22,refunded,2026-09-26 09:59:08,405
50330,1005,2026-09-26 08:22:49,135.49,paid,2026-09-26 08:24:49,406
50331,1201,2026-09-26 13:19:58,59.32,paid,2026-09-26 13:21:58,407
50332,1173,2026-09-26 12:23:22,369.04,paid,2026-09-26 12:25:22,408
50333,1254,2026-09-26 20:25:20,406.03,pending,2026-09-26 20:26:20,409
50333,1254,2026-09-26 20:25:20,406.03,cancelled,2026-09-26 21:55:20,410
50334,1035,2026-09-26 09:24:08,20.36,paid,2026-09-26 09:26:08,411
50335,1032,2026-09-26 12:21:29,362.81,paid,2026-09-26 12:23:29,412
50336,1122,2026-09-26 18:30:12,171.90,pending,2026-09-26 18:31:12,413
50336,1122,2026-09-26 18:30:12,171.90,paid,2026-09-26 20:00:12,414
50337,0,2026-09-26 10:53:04,19.90,paid,2026-09-26 10:54:04,415
50338,1214,2026-09-26 10:53:04,0.00,paid,2026-09-26 10:54:04,416
50339,1292,2026-09-26 10:53:04,23.40,unknown,2026-09-26 10:54:04,417
50340,1164,2026-09-27 08:43:33,460.12,paid,2026-09-27 08:45:33,418
50341,1033,2026-09-27 14:35:11,335.50,pending,2026-09-27 14:36:11,419
50341,1033,2026-09-27 14:35:11,335.50,paid,2026-09-27 16:05:11,420
50342,1111,2026-09-27 13:19:15,496.77,pending,2026-09-27 13:20:15,421
50342,1111,2026-09-27 13:19:15,496.77,paid,2026-09-27 14:49:15,422
50343,1013,2026-09-27 09:58:02,493.81,paid,2026-09-27 10:00:02,423
50344,1229,2026-09-27 08:11:02,244.28,paid,2026-09-27 08:13:02,424
50345,1296,2026-09-27 20:41:47,485.88,pending,2026-09-27 20:42:47,425
50345,1296,2026-09-27 20:41:47,485.88,cancelled,2026-09-27 22:11:47,426
50346,1038,2026-09-27 08:23:50,423.68,pending,2026-09-27 08:24:50,427
50346,1038,2026-09-27 08:23:50,423.68,paid,2026-09-27 09:53:50,428
50347,1071,2026-09-27 14:38:06,97.63,paid,2026-09-27 14:40:06,429
50348,1267,2026-09-27 11:02:09,184.46,pending,2026-09-27 11:03:09,430
50348,1267,2026-09-27 11:02:09,184.46,paid,2026-09-27 12:32:09,431
50349,1154,2026-09-27 11:36:28,334.41,refunded,2026-09-27 11:38:28,432
50350,1032,2026-09-27 18:36:56,225.76,paid,2026-09-27 18:38:56,433
50351,1217,2026-09-27 17:25:23,358.41,pending,2026-09-27 17:26:23,434
50351,1217,2026-09-27 17:25:23,358.41,paid,2026-09-27 18:55:23,435
50352,1168,2026-09-27 11:05:58,372.00,pending,2026-09-27 11:06:58,436
50352,1168,2026-09-27 11:05:58,372.00,paid,2026-09-27 12:35:58,437
50353,1115,2026-09-27 16:20:09,260.46,paid,2026-09-27 16:22:09,438
50354,1011,2026-09-27 17:02:33,143.28,pending,2026-09-27 17:03:33,439
50354,1011,2026-09-27 17:02:33,143.28,paid,2026-09-27 18:32:33,440
50355,1115,2026-09-27 19:51:27,84.50,pending,2026-09-27 19:52:27,441
50355,1115,2026-09-27 19:51:27,84.50,paid,2026-09-27 21:21:27,442
50356,1096,2026-09-27 13:24:10,197.93,paid,2026-09-27 13:26:10,443
50357,1010,2026-09-27 16:10:29,442.95,paid,2026-09-27 16:12:29,444
50358,1242,2026-09-27 08:32:34,251.65,pending,2026-09-27 08:33:34,445
50358,1242,2026-09-27 08:32:34,251.65,cancelled,2026-09-27 10:02:34,446
50359,1059,2026-09-27 15:09:41,411.17,pending,2026-09-27 15:10:41,447
50359,1059,2026-09-27 15:09:41,411.17,cancelled,2026-09-27 16:39:41,448
50360,1262,2026-09-27 13:46:17,280.86,refunded,2026-09-27 13:48:17,449
50361,1165,2026-09-27 10:00:23,342.83,paid,2026-09-27 10:02:23,450
50362,1172,2026-09-27 08:02:46,348.47,refunded,2026-09-27 08:04:46,451
50363,1164,2026-09-27 18:01:24,346.33,cancelled,2026-09-27 18:03:24,452
50364,1040,2026-09-27 08:13:46,219.59,cancelled,2026-09-27 08:15:46,453
50365,1035,2026-09-27 20:36:38,249.26,paid,2026-09-27 20:38:38,454
50366,1155,2026-09-27 18:03:00,496.57,cancelled,2026-09-27 18:05:00,455
50367,1076,2026-09-27 09:15:08,51.34,paid,2026-09-27 09:17:08,456
50368,1204,2026-09-27 16:03:34,398.22,pending,2026-09-27 16:04:34,457
50368,1204,2026-09-27 16:03:34,398.22,paid,2026-09-27 17:33:34,458
50369,1055,2026-09-27 16:44:40,233.98,pending,2026-09-27 16:45:40,459
50369,1055,2026-09-27 16:44:40,233.98,paid,2026-09-27 18:14:40,460
50370,1280,2026-09-27 16:49:15,441.53,paid,2026-09-27 16:51:15,461
50371,1275,2026-09-27 09:48:14,114.54,cancelled,2026-09-27 09:50:14,462
50372,1076,2026-09-27 17:53:50,466.47,paid,2026-09-27 17:55:50,463
50373,1128,2026-09-27 14:28:21,391.64,paid,2026-09-27 14:30:21,464
50374,1262,2026-09-27 16:18:04,300.84,pending,2026-09-27 16:19:04,465
50374,1262,2026-09-27 16:18:04,300.84,paid,2026-09-27 17:48:04,466
50375,1235,2026-09-27 14:49:14,101.04,paid,2026-09-27 14:51:14,467
50376,1209,2026-09-27 21:05:12,69.63,paid,2026-09-27 21:07:12,468
50377,1164,2026-09-27 12:44:07,106.09,pending,2026-09-27 12:45:07,469
50377,1164,2026-09-27 12:44:07,106.09,paid,2026-09-27 14:14:07,470
50378,1056,2026-09-27 16:15:44,468.85,paid,2026-09-27 16:17:44,471
50379,1292,2026-09-27 21:55:06,299.27,paid,2026-09-27 21:57:06,472
50380,1289,2026-09-27 14:21:22,318.94,paid,2026-09-27 14:23:22,473
50381,1035,2026-09-27 16:25:33,223.25,pending,2026-09-27 16:26:33,474
50381,1035,2026-09-27 16:25:33,223.25,cancelled,2026-09-27 17:55:33,475
50382,1217,2026-09-27 16:09:02,396.33,cancelled,2026-09-27 16:11:02,476
50383,1160,2026-09-27 08:33:38,147.16,pending,2026-09-27 08:34:38,477
50383,1160,2026-09-27 08:33:38,147.16,paid,2026-09-27 10:03:38,478
50384,1299,2026-09-27 15:03:35,372.66,cancelled,2026-09-27 15:05:35,479
50385,1061,2026-09-27 15:21:41,38.83,paid,2026-09-27 15:23:41,480
50386,1159,2026-09-27 11:30:55,91.13,pending,2026-09-27 11:31:55,481
50386,1159,2026-09-27 11:30:55,91.13,paid,2026-09-27 13:00:55,482
50387,1213,2026-09-27 19:22:36,367.61,paid,2026-09-27 19:24:36,483
50388,1273,2026-09-27 14:25:29,18.40,paid,2026-09-27 14:27:29,484
50389,1055,2026-09-27 11:32:49,115.95,paid,2026-09-27 11:34:49,485
50390,1154,2026-09-27 10:17:22,207.49,paid,2026-09-27 10:19:22,486
50391,1227,2026-09-27 08:19:28,95.93,pending,2026-09-27 08:20:28,487
50391,1227,2026-09-27 08:19:28,95.93,paid,2026-09-27 09:49:28,488
50392,1105,2026-09-27 13:45:58,108.88,paid,2026-09-27 13:47:58,489
50393,1206,2026-09-27 18:51:34,426.37,paid,2026-09-27 18:53:34,490
50394,1280,2026-09-27 19:41:18,273.75,paid,2026-09-27 19:43:18,491
50395,1242,2026-09-27 15:39:29,477.96,paid,2026-09-27 15:41:29,492
50396,1227,2026-09-27 21:44:21,341.12,paid,2026-09-27 21:46:21,493
50397,1189,2026-09-27 16:35:13,440.42,refunded,2026-09-27 16:37:13,494
50398,1268,2026-09-27 16:39:18,242.00,paid,2026-09-27 16:41:18,495
50399,1106,2026-09-27 15:44:55,78.43,pending,2026-09-27 15:45:55,496
50399,1106,2026-09-27 15:44:55,78.43,cancelled,2026-09-27 17:14:55,497
50400,1287,2026-09-27 19:01:52,366.39,pending,2026-09-27 19:02:52,498
50400,1287,2026-09-27 19:01:52,366.39,paid,2026-09-27 20:31:52,499
50401,1258,2026-09-27 13:51:13,349.07,cancelled,2026-09-27 13:53:13,500
50402,1190,2026-09-27 08:59:27,46.48,pending,2026-09-27 09:00:27,501
50402,1190,2026-09-27 08:59:27,46.48,paid,2026-09-27 10:29:27,502
50403,1030,2026-09-27 11:01:37,74.05,pending,2026-09-27 11:02:37,503
50403,1030,2026-09-27 11:01:37,74.05,paid,2026-09-27 12:31:37,504
50404,1244,2026-09-27 08:30:23,188.20,paid,2026-09-27 08:32:23,505
50405,1048,2026-09-27 13:00:18,187.63,pending,2026-09-27 13:01:18,506
50405,1048,2026-09-27 13:00:18,187.63,paid,2026-09-27 14:30:18,507
50406,1151,2026-09-27 14:07:39,359.15,paid,2026-09-27 14:08:39,508
50406,1151,2026-09-27 14:07:39,359.15,refunded,2026-09-27 15:37:39,509
50407,1217,2026-09-27 08:50:01,56.85,cancelled,2026-09-27 08:52:01,510
50408,1027,2026-09-27 09:14:50,411.35,cancelled,2026-09-27 09:16:50,511
50409,1083,2026-09-27 10:58:19,324.64,paid,2026-09-27 11:00:19,512
50410,1225,2026-09-27 19:15:05,474.31,pending,2026-09-27 19:16:05,513
50410,1225,2026-09-27 19:15:05,474.31,cancelled,2026-09-27 20:45:05,514
50411,1038,2026-09-27 12:49:06,146.26,paid,2026-09-27 12:51:06,515
50412,1266,2026-09-27 20:22:12,191.59,pending,2026-09-27 20:23:12,516
50412,1266,2026-09-27 20:22:12,191.59,paid,2026-09-27 21:52:12,517
50413,1151,2026-09-27 15:56:19,494.25,paid,2026-09-27 15:58:19,518
50414,1056,2026-09-27 19:59:31,441.34,paid,2026-09-27 20:01:31,519
50415,1165,2026-09-27 14:16:29,479.60,paid,2026-09-27 14:18:29,520
50416,1040,2026-09-27 13:27:07,323.30,paid,2026-09-27 13:29:07,521
50417,1134,2026-09-27 12:57:00,133.83,paid,2026-09-27 12:59:00,522
50418,1090,2026-09-27 20:34:11,201.25,paid,2026-09-27 20:36:11,523
50419,1176,2026-09-27 12:28:08,236.04,paid,2026-09-27 12:30:08,524
50420,1111,2026-09-27 11:12:27,395.49,paid,2026-09-27 11:14:27,525
50421,1043,2026-09-27 13:05:39,40.65,cancelled,2026-09-27 13:07:39,526
50422,1165,2026-09-27 21:17:19,190.91,cancelled,2026-09-27 21:19:19,527
50423,1011,2026-09-27 09:40:34,209.50,cancelled,2026-09-27 09:42:34,528
50424,1070,2026-09-27 17:55:32,172.40,cancelled,2026-09-27 17:57:32,529
50425,1104,2026-09-27 08:36:10,72.22,paid,2026-09-27 08:38:10,530
50426,1185,2026-09-27 21:34:41,179.63,cancelled,2026-09-27 21:36:41,531
50427,1287,2026-09-27 13:37:45,135.77,refunded,2026-09-27 13:39:45,532
50428,1080,2026-09-27 17:12:53,54.65,paid,2026-09-27 17:14:53,533
50429,1128,2026-09-27 17:48:39,267.89,refunded,2026-09-27 17:50:39,534
50430,1021,2026-09-27 19:41:34,54.68,paid,2026-09-27 19:43:34,535
50431,1280,2026-09-27 14:28:50,208.62,paid,2026-09-27 14:30:50,536
50432,1273,2026-09-27 13:06:15,247.87,cancelled,2026-09-27 13:08:15,537
50433,1250,2026-09-27 12:07:18,66.19,cancelled,2026-09-27 12:09:18,538
50434,1160,2026-09-27 16:04:10,98.31,paid,2026-09-27 16:06:10,539
50435,1091,2026-09-27 20:44:55,332.95,paid,2026-09-27 20:46:55,540
50436,1108,2026-09-27 10:05:03,387.74,paid,2026-09-27 10:07:03,541
50437,1155,2026-09-27 15:06:13,220.32,refunded,2026-09-27 15:08:13,542
50438,1189,2026-09-27 18:10:41,209.02,paid,2026-09-27 18:12:41,543
50439,1268,2026-09-27 15:02:26,100.04,paid,2026-09-27 15:04:26,544
50440,1272,2026-09-27 09:27:08,129.07,paid,2026-09-27 09:29:08,545
50441,1097,2026-09-27 13:00:58,437.38,pending,2026-09-27 13:01:58,546
50441,1097,2026-09-27 13:00:58,437.38,paid,2026-09-27 14:30:58,547
50442,1220,2026-09-27 13:24:26,191.65,paid,2026-09-27 13:26:26,548
50443,1019,2026-09-27 14:12:42,69.58,paid,2026-09-27 14:14:42,549
50444,1300,2026-09-27 09:00:30,389.08,pending,2026-09-27 09:01:30,550
50444,1300,2026-09-27 09:00:30,389.08,cancelled,2026-09-27 10:30:30,551
50445,1227,2026-09-27 09:54:36,173.56,pending,2026-09-27 09:55:36,552
50445,1227,2026-09-27 09:54:36,173.56,paid,2026-09-27 11:24:36,553
50446,1223,2026-09-27 15:10:12,139.61,pending,2026-09-27 15:11:12,554
50446,1223,2026-09-27 15:10:12,139.61,paid,2026-09-27 16:40:12,555
50447,0,2026-09-27 08:41:50,19.90,paid,2026-09-27 08:42:50,556
50448,1160,2026-09-27 08:41:50,0.00,paid,2026-09-27 08:42:50,557
50449,1073,2026-09-27 08:41:50,23.40,unknown,2026-09-27 08:42:50,558
50450,1058,2026-09-28 13:56:07,424.57,paid,2026-09-28 13:58:07,559
50451,1238,2026-09-28 11:02:53,112.57,paid,2026-09-28 11:04:53,560
50452,1239,2026-09-28 12:07:19,38.87,pending,2026-09-28 12:08:19,561
50452,1239,2026-09-28 12:07:19,38.87,paid,2026-09-28 13:37:19,562
50453,1233,2026-09-28 18:15:14,259.34,paid,2026-09-28 18:17:14,563
50454,1069,2026-09-28 21:36:46,400.31,pending,2026-09-28 21:37:46,564
50454,1069,2026-09-28 21:36:46,400.31,paid,2026-09-28 23:06:46,565
50455,1281,2026-09-28 16:09:03,459.31,pending,2026-09-28 16:10:03,566
50455,1281,2026-09-28 16:09:03,459.31,paid,2026-09-28 17:39:03,567
50456,1166,2026-09-28 18:52:13,315.51,paid,2026-09-28 18:54:13,568
50457,1073,2026-09-28 08:55:13,60.94,paid,2026-09-28 08:57:13,569
50458,1149,2026-09-28 10:11:50,417.10,paid,2026-09-28 10:13:50,570
50459,1287,2026-09-28 14:53:25,293.73,cancelled,2026-09-28 14:55:25,571
50460,1080,2026-09-28 20:43:34,385.25,refunded,2026-09-28 20:45:34,572
50461,1202,2026-09-28 21:49:09,497.82,pending,2026-09-28 21:50:09,573
50461,1202,2026-09-28 21:49:09,497.82,paid,2026-09-28 23:19:09,574
50462,1196,2026-09-28 17:20:57,283.73,paid,2026-09-28 17:22:57,575
50463,1080,2026-09-28 12:15:07,175.71,paid,2026-09-28 12:17:07,576
50464,1243,2026-09-28 14:39:42,150.46,paid,2026-09-28 14:41:42,577
50465,1199,2026-09-28 08:43:31,443.33,pending,2026-09-28 08:44:31,578
50465,1199,2026-09-28 08:43:31,443.33,cancelled,2026-09-28 10:13:31,579
50466,1117,2026-09-28 14:37:07,283.67,paid,2026-09-28 14:39:07,580
50467,1102,2026-09-28 12:44:35,246.99,paid,2026-09-28 12:46:35,581
50468,1116,2026-09-28 11:07:49,92.87,paid,2026-09-28 11:09:49,582
50469,1250,2026-09-28 21:10:38,453.98,pending,2026-09-28 21:11:38,583
50469,1250,2026-09-28 21:10:38,453.98,paid,2026-09-28 22:40:38,584
50470,1227,2026-09-28 08:49:58,423.27,paid,2026-09-28 08:51:58,585
50471,1183,2026-09-28 16:39:41,348.12,paid,2026-09-28 16:41:41,586
50472,1025,2026-09-28 19:29:45,57.06,pending,2026-09-28 19:30:45,587
50472,1025,2026-09-28 19:29:45,57.06,paid,2026-09-28 20:59:45,588
50473,1080,2026-09-28 19:07:54,114.02,pending,2026-09-28 19:08:54,589
50473,1080,2026-09-28 19:07:54,114.02,cancelled,2026-09-28 20:37:54,590
50474,1119,2026-09-28 15:36:02,80.86,paid,2026-09-28 15:38:02,591
50475,1052,2026-09-28 12:30:13,317.16,paid,2026-09-28 12:32:13,592
50476,1100,2026-09-28 12:48:35,277.51,pending,2026-09-28 12:49:35,593
50476,1100,2026-09-28 12:48:35,277.51,paid,2026-09-28 14:18:35,594
50477,1244,2026-09-28 19:07:27,275.37,pending,2026-09-28 19:08:27,595
50477,1244,2026-09-28 19:07:27,275.37,paid,2026-09-28 20:37:27,596
50478,1188,2026-09-28 13:18:58,217.85,cancelled,2026-09-28 13:20:58,597
50479,1141,2026-09-28 15:45:16,252.20,paid,2026-09-28 15:47:16,598
50480,1274,2026-09-28 19:47:49,181.24,cancelled,2026-09-28 19:49:49,599
50481,1155,2026-09-28 11:31:19,292.36,paid,2026-09-28 11:33:19,600
50482,1148,2026-09-28 08:17:56,54.09,cancelled,2026-09-28 08:19:56,601
50483,1153,2026-09-28 09:39:25,315.98,paid,2026-09-28 09:41:25,602
50484,1215,2026-09-28 15:27:10,437.71,paid,2026-09-28 15:29:10,603
50485,1053,2026-09-28 16:29:39,272.90,paid,2026-09-28 16:31:39,604
50486,1096,2026-09-28 11:31:41,425.18,paid,2026-09-28 11:33:41,605
50487,1175,2026-09-28 17:14:52,274.40,paid,2026-09-28 17:16:52,606
50488,1272,2026-09-28 09:36:58,83.72,pending,2026-09-28 09:37:58,607
50488,1272,2026-09-28 09:36:58,83.72,paid,2026-09-28 11:06:58,608
50489,1207,2026-09-28 15:37:00,437.94,pending,2026-09-28 15:38:00,609
50489,1207,2026-09-28 15:37:00,437.94,cancelled,2026-09-28 17:07:00,610
50490,1159,2026-09-28 13:21:23,155.45,paid,2026-09-28 13:23:23,611
50491,1231,2026-09-28 19:04:29,26.26,pending,2026-09-28 19:05:29,612
50491,1231,2026-09-28 19:04:29,26.26,paid,2026-09-28 20:34:29,613
50492,1143,2026-09-28 16:54:28,463.05,cancelled,2026-09-28 16:56:28,614
50493,1163,2026-09-28 14:20:13,29.00,paid,2026-09-28 14:22:13,615
50494,1231,2026-09-28 12:06:55,18.53,refunded,2026-09-28 12:08:55,616
50495,1178,2026-09-28 19:31:38,275.81,paid,2026-09-28 19:33:38,617
50496,1081,2026-09-28 18:07:16,385.00,pending,2026-09-28 18:08:16,618
50496,1081,2026-09-28 18:07:16,385.00,paid,2026-09-28 19:37:16,619
50497,1137,2026-09-28 21:02:20,491.54,cancelled,2026-09-28 21:04:20,620
50498,1179,2026-09-28 16:59:35,369.27,pending,2026-09-28 17:00:35,621
50498,1179,2026-09-28 16:59:35,369.27,paid,2026-09-28 18:29:35,622
50499,1228,2026-09-28 10:47:49,276.73,paid,2026-09-28 10:48:49,623
50499,1228,2026-09-28 10:47:49,276.73,refunded,2026-09-28 12:17:49,624
50500,1081,2026-09-28 10:09:21,483.19,pending,2026-09-28 10:10:21,625
50500,1081,2026-09-28 10:09:21,483.19,paid,2026-09-28 11:39:21,626
50501,1053,2026-09-28 14:48:57,473.61,paid,2026-09-28 14:50:57,627
50502,1261,2026-09-28 11:22:51,484.52,pending,2026-09-28 11:23:51,628
50502,1261,2026-09-28 11:22:51,484.52,cancelled,2026-09-28 12:52:51,629
50503,1198,2026-09-28 11:05:14,480.59,paid,2026-09-28 11:07:14,630
50504,1227,2026-09-28 12:00:11,157.93,refunded,2026-09-28 12:02:11,631
50505,1009,2026-09-28 11:49:44,214.66,paid,2026-09-28 11:51:44,632
50506,1155,2026-09-28 19:37:24,308.02,cancelled,2026-09-28 19:39:24,633
50507,1073,2026-09-28 15:28:06,75.03,paid,2026-09-28 15:30:06,634
50508,1235,2026-09-28 16:28:24,125.31,pending,2026-09-28 16:29:24,635
50508,1235,2026-09-28 16:28:24,125.31,paid,2026-09-28 17:58:24,636
50509,1041,2026-09-28 17:36:08,478.63,paid,2026-09-28 17:38:08,637
50510,1096,2026-09-28 17:17:27,238.97,paid,2026-09-28 17:19:27,638
50511,1227,2026-09-28 12:29:33,21.77,cancelled,2026-09-28 12:31:33,639
50512,1185,2026-09-28 18:02:02,462.36,paid,2026-09-28 18:04:02,640
50513,1117,2026-09-28 21:43:55,384.48,pending,2026-09-28 21:44:55,641
50513,1117,2026-09-28 21:43:55,384.48,paid,2026-09-28 23:13:55,642
50514,1261,2026-09-28 14:07:20,420.92,cancelled,2026-09-28 14:09:20,643
50515,1166,2026-09-28 19:56:59,455.99,refunded,2026-09-28 19:58:59,644
50516,1069,2026-09-28 12:57:59,321.55,pending,2026-09-28 12:58:59,645
50516,1069,2026-09-28 12:57:59,321.55,paid,2026-09-28 14:27:59,646
50517,1053,2026-09-28 13:06:43,178.66,cancelled,2026-09-28 13:08:43,647
50518,1289,2026-09-28 20:40:17,337.89,paid,2026-09-28 20:42:17,648
50519,1001,2026-09-28 11:23:11,51.39,cancelled,2026-09-28 11:25:11,649
50520,1020,2026-09-28 08:49:36,152.63,refunded,2026-09-28 08:51:36,650
50521,1112,2026-09-28 14:04:28,447.28,pending,2026-09-28 14:05:28,651
50521,1112,2026-09-28 14:04:28,447.28,paid,2026-09-28 15:34:28,652
50522,1112,2026-09-28 15:49:35,209.41,pending,2026-09-28 15:50:35,653
50522,1112,2026-09-28 15:49:35,209.41,paid,2026-09-28 17:19:35,654
50523,1157,2026-09-28 18:43:36,483.58,paid,2026-09-28 18:45:36,655
50524,1108,2026-09-28 15:40:45,404.32,paid,2026-09-28 15:42:45,656
50525,1025,2026-09-28 12:42:42,231.63,cancelled,2026-09-28 12:44:42,657
50526,1117,2026-09-28 19:31:17,420.22,paid,2026-09-28 19:33:17,658
50527,1214,2026-09-28 16:47:53,358.09,paid,2026-09-28 16:49:53,659
50528,1178,2026-09-28 13:03:03,280.99,paid,2026-09-28 13:05:03,660
50529,1120,2026-09-28 16:56:52,310.36,pending,2026-09-28 16:57:52,661
50529,1120,2026-09-28 16:56:52,310.36,paid,2026-09-28 18:26:52,662
50530,1245,2026-09-28 18:57:53,305.78,paid,2026-09-28 18:59:53,663
50531,1213,2026-09-28 18:29:17,310.41,paid,2026-09-28 18:31:17,664
50532,1288,2026-09-28 12:27:40,455.81,pending,2026-09-28 12:28:40,665
50532,1288,2026-09-28 12:27:40,455.81,paid,2026-09-28 13:57:40,666
50533,1012,2026-09-28 11:23:14,431.74,paid,2026-09-28 11:25:14,667
50534,1286,2026-09-28 09:45:46,300.87,pending,2026-09-28 09:46:46,668
50534,1286,2026-09-28 09:45:46,300.87,paid,2026-09-28 11:15:46,669
50535,1021,2026-09-28 10:03:34,492.38,pending,2026-09-28 10:04:34,670
50535,1021,2026-09-28 10:03:34,492.38,cancelled,2026-09-28 11:33:34,671
50536,1202,2026-09-28 12:11:53,316.91,pending,2026-09-28 12:12:53,672
50536,1202,2026-09-28 12:11:53,316.91,paid,2026-09-28 13:41:53,673
50537,1042,2026-09-28 13:25:33,129.60,paid,2026-09-28 13:26:33,674
50537,1042,2026-09-28 13:25:33,129.60,refunded,2026-09-28 14:55:33,675
50538,1042,2026-09-28 13:19:26,408.85,refunded,2026-09-28 13:21:26,676
50539,1090,2026-09-28 09:09:04,413.12,cancelled,2026-09-28 09:11:04,677
50540,1213,2026-09-28 19:10:43,219.57,paid,2026-09-28 19:12:43,678
50541,1098,2026-09-28 15:26:55,35.60,refunded,2026-09-28 15:28:55,679
50542,1014,2026-09-28 15:11:12,364.30,cancelled,2026-09-28 15:13:12,680
50543,1009,2026-09-28 10:40:35,12.39,cancelled,2026-09-28 10:42:35,681
50544,1113,2026-09-28 19:00:55,403.24,cancelled,2026-09-28 19:02:55,682
50545,1055,2026-09-28 11:34:48,239.78,cancelled,2026-09-28 11:36:48,683
50546,1027,2026-09-28 13:32:20,99.25,paid,2026-09-28 13:34:20,684
50547,1234,2026-09-28 19:25:08,211.69,paid,2026-09-28 19:27:08,685
50548,1004,2026-09-28 18:06:05,150.86,pending,2026-09-28 18:07:05,686
50548,1004,2026-09-28 18:06:05,150.86,paid,2026-09-28 19:36:05,687
50549,1300,2026-09-28 18:15:45,96.74,paid,2026-09-28 18:17:45,688
50550,1231,2026-09-28 08:54:39,194.40,paid,2026-09-28 08:55:39,689
50550,1231,2026-09-28 08:54:39,194.40,refunded,2026-09-28 10:24:39,690
50551,0,2026-09-28 11:39:14,19.90,paid,2026-09-28 11:40:14,691
50552,1116,2026-09-28 11:39:14,0.00,paid,2026-09-28 11:40:14,692
50553,1178,2026-09-28 11:39:14,23.40,unknown,2026-09-28 11:40:14,693
50554,1062,2026-09-29 19:12:32,244.90,paid,2026-09-29 19:13:32,694
50554,1062,2026-09-29 19:12:32,244.90,refunded,2026-09-29 20:42:32,695
50555,1112,2026-09-29 21:26:52,471.28,paid,2026-09-29 21:28:52,696
50556,1213,2026-09-29 15:48:33,109.16,paid,2026-09-29 15:50:33,697
50557,1098,2026-09-29 12:51:22,239.07,paid,2026-09-29 12:53:22,698
50558,1112,2026-09-29 20:17:43,240.32,cancelled,2026-09-29 20:19:43,699
50559,1211,2026-09-29 11:01:07,309.80,paid,2026-09-29 11:03:07,700
50560,1249,2026-09-29 19:50:30,217.29,pending,2026-09-29 19:51:30,701
50560,1249,2026-09-29 19:50:30,217.29,cancelled,2026-09-29 21:20:30,702
50561,1175,2026-09-29 19:50:31,427.45,cancelled,2026-09-29 19:52:31,703
50562,1103,2026-09-29 12:06:42,168.82,cancelled,2026-09-29 12:08:42,704
50563,1238,2026-09-29 10:22:46,240.09,paid,2026-09-29 10:23:46,705
50563,1238,2026-09-29 10:22:46,240.09,refunded,2026-09-29 11:52:46,706
50564,1241,2026-09-29 12:57:33,328.26,pending,2026-09-29 12:58:33,707
50564,1241,2026-09-29 12:57:33,328.26,paid,2026-09-29 14:27:33,708
50565,1014,2026-09-29 15:23:28,215.58,paid,2026-09-29 15:25:28,709
50566,1236,2026-09-29 21:51:33,112.51,paid,2026-09-29 21:53:33,710
50567,1105,2026-09-29 21:49:48,61.35,paid,2026-09-29 21:51:48,711
50568,1136,2026-09-29 20:19:57,300.07,pending,2026-09-29 20:20:57,712
50568,1136,2026-09-29 20:19:57,300.07,paid,2026-09-29 21:49:57,713
50569,1076,2026-09-29 16:36:58,196.00,paid,2026-09-29 16:38:58,714
50570,1026,2026-09-29 09:40:39,368.51,pending,2026-09-29 09:41:39,715
50570,1026,2026-09-29 09:40:39,368.51,paid,2026-09-29 11:10:39,716
50571,1298,2026-09-29 09:16:18,82.08,paid,2026-09-29 09:18:18,717
50572,1243,2026-09-29 13:07:04,486.34,paid,2026-09-29 13:09:04,718
50573,1072,2026-09-29 18:41:17,167.87,paid,2026-09-29 18:43:17,719
50574,1066,2026-09-29 12:29:42,392.44,paid,2026-09-29 12:31:42,720
50575,1188,2026-09-29 20:56:52,467.52,paid,2026-09-29 20:58:52,721
50576,1297,2026-09-29 17:07:49,93.90,paid,2026-09-29 17:09:49,722
50577,1231,2026-09-29 16:59:05,442.24,paid,2026-09-29 17:01:05,723
50578,1101,2026-09-29 19:17:23,81.83,paid,2026-09-29 19:19:23,724
50579,1251,2026-09-29 10:35:25,287.43,paid,2026-09-29 10:37:25,725
50580,1153,2026-09-29 17:05:16,424.89,pending,2026-09-29 17:06:16,726
50580,1153,2026-09-29 17:05:16,424.89,cancelled,2026-09-29 18:35:16,727
50581,1174,2026-09-29 21:19:44,23.57,paid,2026-09-29 21:21:44,728
50582,1296,2026-09-29 14:30:14,50.99,pending,2026-09-29 14:31:14,729
50582,1296,2026-09-29 14:30:14,50.99,paid,2026-09-29 16:00:14,730
50583,1242,2026-09-29 10:46:34,110.69,paid,2026-09-29 10:48:34,731
50584,1070,2026-09-29 10:04:44,28.44,paid,2026-09-29 10:06:44,732
50585,1159,2026-09-29 21:01:40,340.62,cancelled,2026-09-29 21:03:40,733
50586,1076,2026-09-29 10:56:02,36.30,paid,2026-09-29 10:58:02,734
50587,1273,2026-09-29 15:57:59,41.64,pending,2026-09-29 15:58:59,735
50587,1273,2026-09-29 15:57:59,41.64,paid,2026-09-29 17:27:59,736
50588,1252,2026-09-29 10:29:20,231.97,paid,2026-09-29 10:31:20,737
50589,1016,2026-09-29 17:32:41,427.77,paid,2026-09-29 17:34:41,738
50590,1292,2026-09-29 10:42:05,149.12,cancelled,2026-09-29 10:44:05,739
50591,1215,2026-09-29 13:24:24,165.40,paid,2026-09-29 13:26:24,740
50592,1093,2026-09-29 12:16:14,258.57,cancelled,2026-09-29 12:18:14,741
50593,1101,2026-09-29 18:35:57,384.61,paid,2026-09-29 18:37:57,742
50594,1179,2026-09-29 12:34:19,413.11,cancelled,2026-09-29 12:36:19,743
50595,1016,2026-09-29 08:46:44,72.51,paid,2026-09-29 08:48:44,744
50596,1005,2026-09-29 21:01:37,50.33,paid,2026-09-29 21:03:37,745
50597,1252,2026-09-29 13:58:15,358.25,refunded,2026-09-29 14:00:15,746
50598,1261,2026-09-29 10:31:59,212.47,paid,2026-09-29 10:33:59,747
50599,1053,2026-09-29 15:34:21,477.58,paid,2026-09-29 15:36:21,748
50600,1027,2026-09-29 12:30:21,131.60,paid,2026-09-29 12:32:21,749
50601,1209,2026-09-29 21:46:47,55.27,cancelled,2026-09-29 21:48:47,750
50602,1296,2026-09-29 08:01:20,162.03,pending,2026-09-29 08:02:20,751
50602,1296,2026-09-29 08:01:20,162.03,paid,2026-09-29 09:31:20,752
50603,1239,2026-09-29 18:27:35,291.63,paid,2026-09-29 18:29:35,753
50604,1205,2026-09-29 19:55:04,314.00,paid,2026-09-29 19:57:04,754
50605,1006,2026-09-29 10:25:37,374.53,paid,2026-09-29 10:27:37,755
50606,1252,2026-09-29 08:12:56,279.40,pending,2026-09-29 08:13:56,756
50606,1252,2026-09-29 08:12:56,279.40,paid,2026-09-29 09:42:56,757
50607,1010,2026-09-29 13:45:10,80.39,cancelled,2026-09-29 13:47:10,758
50608,1035,2026-09-29 14:13:21,304.75,pending,2026-09-29 14:14:21,759
50608,1035,2026-09-29 14:13:21,304.75,paid,2026-09-29 15:43:21,760
50609,1243,2026-09-29 16:37:37,334.80,refunded,2026-09-29 16:39:37,761
50610,1099,2026-09-29 19:26:18,421.18,paid,2026-09-29 19:27:18,762
50610,1099,2026-09-29 19:26:18,421.18,refunded,2026-09-29 20:56:18,763
50611,1021,2026-09-29 15:38:35,182.15,paid,2026-09-29 15:40:35,764
50612,1136,2026-09-29 13:18:55,251.80,cancelled,2026-09-29 13:20:55,765
50613,1189,2026-09-29 15:23:23,486.12,paid,2026-09-29 15:25:23,766
50614,1003,2026-09-29 10:33:33,310.03,paid,2026-09-29 10:35:33,767
50615,1152,2026-09-29 16:43:08,222.41,pending,2026-09-29 16:44:08,768
50615,1152,2026-09-29 16:43:08,222.41,paid,2026-09-29 18:13:08,769
50616,1205,2026-09-29 17:38:16,53.58,paid,2026-09-29 17:40:16,770
50617,1016,2026-09-29 21:01:27,185.76,paid,2026-09-29 21:03:27,771
50618,1154,2026-09-29 09:32:09,316.46,cancelled,2026-09-29 09:34:09,772
50619,1072,2026-09-29 08:00:38,59.93,pending,2026-09-29 08:01:38,773
50619,1072,2026-09-29 08:00:38,59.93,paid,2026-09-29 09:30:38,774
50620,1291,2026-09-29 09:32:30,436.47,paid,2026-09-29 09:34:30,775
50621,1093,2026-09-29 17:15:53,109.74,pending,2026-09-29 17:16:53,776
50621,1093,2026-09-29 17:15:53,109.74,paid,2026-09-29 18:45:53,777
50622,1151,2026-09-29 15:23:06,264.17,cancelled,2026-09-29 15:25:06,778
50623,1169,2026-09-29 16:53:42,340.58,paid,2026-09-29 16:55:42,779
50624,1269,2026-09-29 14:21:30,336.48,paid,2026-09-29 14:23:30,780
50625,1232,2026-09-29 18:22:01,10.30,paid,2026-09-29 18:24:01,781
50626,1034,2026-09-29 20:16:07,270.56,refunded,2026-09-29 20:18:07,782
50627,1076,2026-09-29 20:17:18,64.63,pending,2026-09-29 20:18:18,783
50627,1076,2026-09-29 20:17:18,64.63,cancelled,2026-09-29 21:47:18,784
50628,1239,2026-09-29 08:10:43,467.15,paid,2026-09-29 08:12:43,785
50629,1142,2026-09-29 10:24:06,294.68,pending,2026-09-29 10:25:06,786
50629,1142,2026-09-29 10:24:06,294.68,paid,2026-09-29 11:54:06,787
50630,1152,2026-09-29 12:21:21,209.80,cancelled,2026-09-29 12:23:21,788
50631,1224,2026-09-29 16:25:14,137.37,cancelled,2026-09-29 16:27:14,789
50632,1065,2026-09-29 08:35:05,40.33,pending,2026-09-29 08:36:05,790
50632,1065,2026-09-29 08:35:05,40.33,paid,2026-09-29 10:05:05,791
50633,1273,2026-09-29 17:43:36,318.57,refunded,2026-09-29 17:45:36,792
50634,1141,2026-09-29 20:37:14,177.90,paid,2026-09-29 20:39:14,793
50635,1048,2026-09-29 19:23:20,456.33,pending,2026-09-29 19:24:20,794
50635,1048,2026-09-29 19:23:20,456.33,paid,2026-09-29 20:53:20,795
50636,1286,2026-09-29 13:41:28,98.68,cancelled,2026-09-29 13:43:28,796
50637,1152,2026-09-29 21:56:44,159.33,refunded,2026-09-29 21:58:44,797
50638,1120,2026-09-29 14:21:24,17.11,cancelled,2026-09-29 14:23:24,798
50639,1238,2026-09-29 14:05:06,465.15,cancelled,2026-09-29 14:07:06,799
50640,1061,2026-09-29 13:37:10,204.66,pending,2026-09-29 13:38:10,800
50640,1061,2026-09-29 13:37:10,204.66,paid,2026-09-29 15:07:10,801
50641,1109,2026-09-29 17:35:48,307.09,paid,2026-09-29 17:37:48,802
50642,1189,2026-09-29 15:59:51,138.60,refunded,2026-09-29 16:01:51,803
50643,1049,2026-09-29 17:15:25,87.91,paid,2026-09-29 17:17:25,804
50644,1267,2026-09-29 15:46:48,135.82,paid,2026-09-29 15:48:48,805
50645,1040,2026-09-29 21:26:52,194.78,cancelled,2026-09-29 21:28:52,806
50646,1033,2026-09-29 16:31:25,456.97,refunded,2026-09-29 16:33:25,807
50647,1141,2026-09-29 13:20:36,282.19,refunded,2026-09-29 13:22:36,808
50648,1159,2026-09-29 14:47:35,147.22,paid,2026-09-29 14:49:35,809
50649,1059,2026-09-29 09:54:18,379.09,paid,2026-09-29 09:56:18,810
50650,1050,2026-09-29 20:13:48,91.83,paid,2026-09-29 20:15:48,811
50651,1001,2026-09-29 15:56:29,293.66,paid,2026-09-29 15:58:29,812
50652,1175,2026-09-29 14:23:33,480.51,refunded,2026-09-29 14:25:33,813
50653,1175,2026-09-29 10:24:44,38.70,paid,2026-09-29 10:26:44,814
50654,1251,2026-09-29 19:46:30,418.79,pending,2026-09-29 19:47:30,815
50654,1251,2026-09-29 19:46:30,418.79,paid,2026-09-29 21:16:30,816
50655,1125,2026-09-29 20:13:50,172.96,pending,2026-09-29 20:14:50,817
50655,1125,2026-09-29 20:13:50,172.96,cancelled,2026-09-29 21:43:50,818
50656,1242,2026-09-29 15:30:43,14.25,pending,2026-09-29 15:31:43,819
50656,1242,2026-09-29 15:30:43,14.25,paid,2026-09-29 17:00:43,820
50657,1150,2026-09-29 21:41:50,205.91,paid,2026-09-29 21:43:50,821
50658,0,2026-09-29 18:45:03,19.90,paid,2026-09-29 18:46:03,822
50659,1140,2026-09-29 18:45:03,0.00,paid,2026-09-29 18:46:03,823
50660,1203,2026-09-29 18:45:03,23.40,unknown,2026-09-29 18:46:03,824
50661,1029,2026-09-30 10:15:40,239.56,pending,2026-09-30 10:16:40,825
50661,1029,2026-09-30 10:15:40,239.56,paid,2026-09-30 11:45:40,826
50662,1022,2026-09-30 14:05:38,75.92,paid,2026-09-30 14:07:38,827
50663,1116,2026-09-30 10:47:33,84.61,pending,2026-09-30 10:48:33,828
50663,1116,2026-09-30 10:47:33,84.61,cancelled,2026-09-30 12:17:33,829
50664,1046,2026-09-30 11:37:21,393.76,cancelled,2026-09-30 11:39:21,830
50665,1016,2026-09-30 09:17:18,62.90,paid,2026-09-30 09:19:18,831
50666,1003,2026-09-30 11:34:45,445.26,paid,2026-09-30 11:36:45,832
50667,1241,2026-09-30 17:15:25,458.55,pending,2026-09-30 17:16:25,833
50667,1241,2026-09-30 17:15:25,458.55,cancelled,2026-09-30 18:45:25,834
50668,1211,2026-09-30 20:35:21,386.83,paid,2026-09-30 20:37:21,835
50669,1223,2026-09-30 11:21:58,229.34,paid,2026-09-30 11:23:58,836
50670,1178,2026-09-30 18:54:19,463.62,paid,2026-09-30 18:56:19,837
50671,1182,2026-09-30 11:45:26,258.24,paid,2026-09-30 11:47:26,838
50672,1015,2026-09-30 11:55:50,169.95,paid,2026-09-30 11:57:50,839
50673,1161,2026-09-30 16:00:28,379.88,paid,2026-09-30 16:02:28,840
50674,1017,2026-09-30 14:05:09,329.83,paid,2026-09-30 14:07:09,841
50675,1164,2026-09-30 09:39:50,423.81,pending,2026-09-30 09:40:50,842
50675,1164,2026-09-30 09:39:50,423.81,cancelled,2026-09-30 11:09:50,843
50676,1221,2026-09-30 20:27:44,373.04,paid,2026-09-30 20:29:44,844
50677,1146,2026-09-30 11:00:48,161.60,cancelled,2026-09-30 11:02:48,845
50678,1155,2026-09-30 19:09:03,220.63,cancelled,2026-09-30 19:11:03,846
50679,1229,2026-09-30 18:41:20,468.15,paid,2026-09-30 18:43:20,847
50680,1192,2026-09-30 11:46:05,185.15,paid,2026-09-30 11:48:05,848
50681,1238,2026-09-30 09:26:16,376.59,paid,2026-09-30 09:27:16,849
50681,1238,2026-09-30 09:26:16,376.59,refunded,2026-09-30 10:56:16,850
50682,1040,2026-09-30 19:48:58,328.49,paid,2026-09-30 19:50:58,851
50683,1212,2026-09-30 09:06:25,341.45,paid,2026-09-30 09:08:25,852
50684,1064,2026-09-30 16:26:43,102.47,paid,2026-09-30 16:28:43,853
50685,1247,2026-09-30 08:05:40,262.18,refunded,2026-09-30 08:07:40,854
50686,1046,2026-09-30 12:04:31,215.54,paid,2026-09-30 12:06:31,855
50687,1239,2026-09-30 19:32:09,223.54,refunded,2026-09-30 19:34:09,856
50688,1031,2026-09-30 19:24:15,178.55,cancelled,2026-09-30 19:26:15,857
50689,1091,2026-09-30 19:06:48,169.99,paid,2026-09-30 19:08:48,858
50690,1270,2026-09-30 11:23:21,407.05,pending,2026-09-30 11:24:21,859
50690,1270,2026-09-30 11:23:21,407.05,paid,2026-09-30 12:53:21,860
50691,1272,2026-09-30 15:27:36,267.35,paid,2026-09-30 15:29:36,861
50692,1275,2026-09-30 20:03:49,38.34,paid,2026-09-30 20:05:49,862
50693,1116,2026-09-30 17:14:33,164.02,paid,2026-09-30 17:15:33,863
50693,1116,2026-09-30 17:14:33,164.02,refunded,2026-09-30 18:44:33,864
50694,1143,2026-09-30 10:56:05,358.82,pending,2026-09-30 10:57:05,865
50694,1143,2026-09-30 10:56:05,358.82,cancelled,2026-09-30 12:26:05,866
50695,1097,2026-09-30 19:44:18,225.28,paid,2026-09-30 19:46:18,867
50696,1003,2026-09-30 08:02:00,328.56,paid,2026-09-30 08:04:00,868
50697,1255,2026-09-30 21:41:07,75.82,paid,2026-09-30 21:43:07,869
50698,1001,2026-09-30 16:09:54,466.64,paid,2026-09-30 16:11:54,870
50699,1208,2026-09-30 21:42:49,444.66,paid,2026-09-30 21:44:49,871
50700,1276,2026-09-30 15:43:43,159.53,paid,2026-09-30 15:45:43,872
50701,1088,2026-09-30 12:49:08,299.47,cancelled,2026-09-30 12:51:08,873
50702,1276,2026-09-30 08:29:40,87.84,pending,2026-09-30 08:30:40,874
50702,1276,2026-09-30 08:29:40,87.84,paid,2026-09-30 09:59:40,875
50703,1205,2026-09-30 09:00:59,298.75,paid,2026-09-30 09:02:59,876
50704,1126,2026-09-30 11:19:48,486.33,paid,2026-09-30 11:21:48,877
50705,1036,2026-09-30 08:55:33,11.41,paid,2026-09-30 08:57:33,878
50706,1010,2026-09-30 16:51:02,264.74,paid,2026-09-30 16:53:02,879
50707,1252,2026-09-30 12:08:44,484.21,paid,2026-09-30 12:10:44,880
50708,1097,2026-09-30 20:07:05,263.88,pending,2026-09-30 20:08:05,881
50708,1097,2026-09-30 20:07:05,263.88,paid,2026-09-30 21:37:05,882
50709,1223,2026-09-30 16:30:28,417.78,paid,2026-09-30 16:32:28,883
50710,1146,2026-09-30 13:13:35,438.84,paid,2026-09-30 13:15:35,884
50711,1068,2026-09-30 19:16:00,403.00,refunded,2026-09-30 19:18:00,885
50712,1073,2026-09-30 12:22:26,120.52,refunded,2026-09-30 12:24:26,886
50713,1124,2026-09-30 14:31:49,300.80,paid,2026-09-30 14:33:49,887
50714,1175,2026-09-30 21:38:00,70.44,paid,2026-09-30 21:40:00,888
50715,1255,2026-09-30 18:20:05,82.43,paid,2026-09-30 18:22:05,889
50716,1070,2026-09-30 09:16:13,117.53,paid,2026-09-30 09:18:13,890
50717,1060,2026-09-30 17:03:32,478.83,paid,2026-09-30 17:05:32,891
50718,1068,2026-09-30 21:00:12,134.42,paid,2026-09-30 21:02:12,892
50719,1106,2026-09-30 17:39:42,469.72,paid,2026-09-30 17:41:42,893
50720,1060,2026-09-30 14:34:45,475.29,paid,2026-09-30 14:36:45,894
50721,1225,2026-09-30 15:43:34,168.15,paid,2026-09-30 15:45:34,895
50722,1185,2026-09-30 13:10:53,485.15,paid,2026-09-30 13:12:53,896
50723,1001,2026-09-30 16:47:51,338.44,paid,2026-09-30 16:49:51,897
50724,1155,2026-09-30 20:11:49,24.48,cancelled,2026-09-30 20:13:49,898
50725,1132,2026-09-30 14:31:04,57.66,paid,2026-09-30 14:33:04,899
50726,1069,2026-09-30 14:49:20,155.38,cancelled,2026-09-30 14:51:20,900
50727,1265,2026-09-30 14:57:20,187.90,pending,2026-09-30 14:58:20,901
50727,1265,2026-09-30 14:57:20,187.90,paid,2026-09-30 16:27:20,902
50728,1121,2026-09-30 18:51:15,194.49,paid,2026-09-30 18:53:15,903
50729,1192,2026-09-30 12:04:25,176.74,paid,2026-09-30 12:06:25,904
50730,1036,2026-09-30 10:20:24,68.70,paid,2026-09-30 10:22:24,905
50731,1025,2026-09-30 20:09:52,22.66,paid,2026-09-30 20:10:52,906
50731,1025,2026-09-30 20:09:52,22.66,refunded,2026-09-30 21:39:52,907
50732,1075,2026-09-30 14:07:41,483.57,cancelled,2026-09-30 14:09:41,908
50733,1139,2026-09-30 09:35:30,66.57,cancelled,2026-09-30 09:37:30,909
50734,1030,2026-09-30 18:31:24,387.07,paid,2026-09-30 18:33:24,910
50735,1116,2026-09-30 16:51:21,163.53,paid,2026-09-30 16:53:21,911
50736,1118,2026-09-30 14:52:01,318.55,pending,2026-09-30 14:53:01,912
50736,1118,2026-09-30 14:52:01,318.55,cancelled,2026-09-30 16:22:01,913
50737,1203,2026-09-30 11:14:58,415.06,cancelled,2026-09-30 11:16:58,914
50738,1061,2026-09-30 13:09:04,475.99,pending,2026-09-30 13:10:04,915
50738,1061,2026-09-30 13:09:04,475.99,paid,2026-09-30 14:39:04,916
50739,1294,2026-09-30 14:12:35,394.28,paid,2026-09-30 14:14:35,917
50740,1245,2026-09-30 11:23:47,465.53,refunded,2026-09-30 11:25:47,918
50741,1246,2026-09-30 12:54:04,34.94,cancelled,2026-09-30 12:56:04,919
50742,1185,2026-09-30 10:05:19,184.84,paid,2026-09-30 10:07:19,920
50743,1216,2026-09-30 16:15:59,228.98,paid,2026-09-30 16:17:59,921
50744,1135,2026-09-30 16:58:04,166.81,paid,2026-09-30 17:00:04,922
50745,1245,2026-09-30 15:46:07,148.77,pending,2026-09-30 15:47:07,923
50745,1245,2026-09-30 15:46:07,148.77,paid,2026-09-30 17:16:07,924
50746,1137,2026-09-30 20:27:53,424.02,paid,2026-09-30 20:29:53,925
50747,1253,2026-09-30 16:20:24,42.35,paid,2026-09-30 16:22:24,926
50748,1098,2026-09-30 12:37:12,468.35,pending,2026-09-30 12:38:12,927
50748,1098,2026-09-30 12:37:12,468.35,paid,2026-09-30 14:07:12,928
50749,1278,2026-09-30 16:03:55,312.45,paid,2026-09-30 16:05:55,929
50750,1038,2026-09-30 16:56:00,188.06,paid,2026-09-30 16:58:00,930
50751,1239,2026-09-30 09:05:44,438.64,paid,2026-09-30 09:07:44,931
50752,1088,2026-09-30 09:57:20,442.72,paid,2026-09-30 09:59:20,932
50753,0,2026-09-30 12:12:26,19.90,paid,2026-09-30 12:13:26,933
50754,1278,2026-09-30 12:12:26,0.00,paid,2026-09-30 12:13:26,934
50755,1134,2026-09-30 12:12:26,23.40,unknown,2026-09-30 12:13:26,935
